,predicted_Qoil,Qoil MPFM
4352,7683.256983441199,7053.6550032389605
4353,7709.890247924985,6619.054569934423
4354,8844.147144210629,7676.132629393714
4355,8962.215119018994,7379.947958595331
4356,9024.621330276157,7420.704849790907
4357,9032.045341381716,7034.701496918953
4358,9828.618570050461,8852.057362057561
4359,9380.469545385407,8497.494233347357
4360,10460.514402855857,8983.698256669966
4361,9964.829853740195,8386.126691821852
4362,9918.817998905615,8502.85596687551
4363,9785.790695205158,8594.515639400104
4364,9991.652257920672,8783.929774231487
4365,9943.244908044206,8240.431041520304
4366,9674.873934017653,7749.31387133246
4367,10360.427133561792,10131.742666006676
4368,10139.040497404889,8170.052458488391
4369,9756.345906623948,8377.881104625028
4370,10102.273853691691,8708.715783999929
4371,9690.670551019066,8740.450267192165
4372,9964.497111609726,8644.573649696391
4373,10392.61563744077,10122.84118637203
4374,9886.238564140489,8701.702514465038
4375,9570.873290950663,7670.373559796995
4376,9940.899182666586,8975.353047531316
4377,9823.723306872052,8192.15643673757
4378,10283.44214499891,9818.289424158756
4379,9760.044562658826,8281.999880334255
4380,9980.805500193672,8276.291485482512
4381,9818.713644638809,8808.563458783874
4382,9979.272028500498,7617.478339631393
4383,10139.045180586018,8726.702439219758
4384,10277.304885094174,9827.629701016947
4385,9749.825594200483,8214.84317455398
4386,9890.28456532377,8550.622096660352
4387,9763.5921066943,8147.923718716097
4388,9631.644165402784,8085.014477923865
4389,9801.995102607525,8079.417797850821
4390,9644.342489674931,8399.560681885028
4391,9882.923927079984,8320.710202852024
4392,9671.105771235623,8135.025844420797
4393,9761.533428487412,8462.0063639306
4394,9668.603833484285,7446.170636689785
4395,9884.423583854808,8107.943072477664
4396,9862.118202681424,8035.667641605376
4397,9781.494647173788,8458.409032886635
4398,9672.099370357122,8570.847078399773
4399,9891.225066838411,8263.405128174707
4400,9808.692192416263,8680.413938930484
4401,9719.393628758164,8543.131447993806
4402,9915.44051157447,8212.951509357978
4403,9616.412623422453,8738.219426714446
4404,9667.95559771694,7905.918412188974
4405,9805.300731355874,7715.338182373755
4406,9982.89492355386,7921.875774212238
4407,9552.214443237295,8336.016855081838
4408,9815.576634342437,8504.478134564135
4409,9805.707968132974,8370.531539055293
4410,9852.052142078057,8945.742872682475
4411,9989.624590842326,8363.190035376805
4412,9853.477986338627,8143.644006163072
4413,7646.117888006727,3413.9348230249902
4414,-3050.282982225579,0.0
4415,1155.4067256613343,0.0
4416,6950.758134664892,3844.629270020705
4417,9879.548680559945,8790.110941419885
4418,9876.059111551127,8842.319749130804
4419,9757.070224077008,8680.179568234968
4420,9709.244409392388,7497.219683759989
4421,9923.224591804783,8926.115046744653
4422,9874.78729154871,9077.540398324803
4423,9521.136063378814,8083.047952309147
4424,9991.29888026459,8765.33271867444
4425,9708.10586180582,8305.003335306768
4426,9883.194208221561,8885.088082192326
4427,9824.440164820691,8981.150699036141
4428,9806.252811969858,8661.659676494133
4429,9910.265280522799,8490.77579869233
4430,10103.234292103407,8385.371177442199
4431,9679.27453764944,8071.537299157581
4432,9970.480745490557,8890.965200910865
4433,9945.144719973818,8606.353950845894
4434,9931.671615590245,8883.352472176877
4435,9844.60741776477,8877.001429422931
4436,9830.667424010797,8548.61871668565
4437,9774.232213163315,8612.563334653656
4438,9977.344777642023,8686.205831941561
4439,9824.918301275857,8547.297718220008
4440,9981.032770330257,8382.334723689224
4441,9796.351453235955,8112.382871156867
4442,9939.32450800353,8288.20753659389
4443,9915.054265591512,8940.50494676989
4444,9776.610904463645,8289.188208079064
4445,9849.19677066593,8510.567165852577
4446,9714.748289280842,8272.923918339065
4447,9811.58349139955,8219.538650355566
4448,10456.199546741129,9200.030470523308
4449,9939.217054717215,8157.398168478602
4450,9914.711733220576,9177.03277404454
4451,9816.895828701383,8868.833006042323
4452,9916.866407269472,9203.748154086592
4453,10029.757005667758,9162.597381918698
4454,9841.951088596983,8621.528733568894
4455,9695.925418089922,8236.225613536619
4456,9502.236805473778,8239.232698971482
4457,9811.888227502825,8373.635943034487
4458,9726.1960848155,8578.949279102284
4459,8094.22353813381,5701.292901403371
4460,9210.194991175056,7494.784416754237
4461,9933.564929603208,8674.376158236393
4462,10111.722391783049,8522.334647825273
4463,9981.97944661276,9139.544979749331
4464,9976.767216616074,9189.130217708962
4465,10339.431146471947,9763.231313741651
4466,9759.875649685659,8229.727729192115
4467,10004.21809396397,8859.90215808957
4468,9701.183180655851,8505.127116809459
4469,9989.76748246627,9019.38882506663
4470,9877.32589278974,7580.298048902293
4471,9565.409073792878,9132.213265510212
4472,9635.858323367236,8801.44653636153
4473,9999.02410218404,9030.767032862006
4474,9857.3131442175,9212.702611863711
4475,10565.788274668355,10074.491721170582
4476,10215.103003777363,9150.27996379313
4477,10025.130782373013,8970.361009301745
4478,10132.308326420818,8917.871187095954
4479,10606.919060374556,9696.871583496011
4480,10226.349966287944,9569.827118592735
4481,10585.379052567469,10045.11764456538
4482,10610.104215041283,9969.170022230412
4483,10438.957699428225,9925.70260802796
4484,10410.919113345873,9022.425278819605
4485,10291.231144928053,9509.87083339414
4486,9830.04188396002,8100.459909852991
4487,10226.616145339256,9279.622067701595
4488,9890.850018011235,9321.41145682607
4489,9755.757190616348,8787.018630277562
4490,10462.171560395289,9581.571566590444
4491,9686.967116857693,8567.879150722392
4492,10367.340562327034,10642.047713210042
4493,9550.243619844405,9091.76215033262
4494,9872.618526263439,8699.06915527438
4495,10166.423966679518,10008.231037017396
4496,10308.43695158367,9429.437920279366
4497,10060.321575293648,8185.398268475687
4498,10250.564692670283,8227.646033702451
4499,9279.937842916495,8777.653591896256
4500,10134.9994119527,9461.458024761472
4501,9970.722756209307,9243.41438656642
4502,10128.947398219774,9055.62645036929
4503,10145.070741096692,8610.790870278222
4504,10090.585637663382,8499.923166009987
4505,10180.136307344696,9392.11078795971
4506,16142.438907135096,9275.012393456846
4507,15844.379993392775,8736.724521737635
4508,16153.925800762909,9207.164668426893
4509,15937.745632525568,8913.948501155264
4510,16240.200091508048,9103.637316138394
4511,16188.93820429062,9086.34571111387
4512,16302.979770924752,9344.580180569134
4513,16004.346005600672,8571.443658351996
4514,16044.734152260837,8542.925293917651
4515,16009.255755910643,8857.655193829354
4516,10234.38147786506,9236.70631720014
4517,10068.60380673033,8241.360462411125
4518,10304.768096943928,9352.05643300131
4519,10000.508544004022,8811.524476268758
4520,10231.8042660717,8513.63874641741
4521,10304.567760342223,9487.355122842027
4522,9932.179145625987,9244.777422036415
4523,10388.386848920389,9988.115466659172
4524,10051.235809077596,9039.70133591101
4525,10359.08257892906,9470.835155979648
4526,10260.038704992803,9813.08144241366
4527,10177.372162855263,9327.581682876347
4528,10059.47668800798,9361.151398025864
4529,10183.485647618703,9579.211735852785
4530,10083.834955753802,8857.011970077776
4531,10273.409191968973,9678.136899938405
4532,10147.616841104746,9624.09689121583
4533,10422.668611945646,8971.323253606926
4534,10244.641903553213,9786.08677542486
4535,9863.243017545188,8706.005260993055
4536,10113.671249320883,9521.477077541913
4537,10277.399431372876,9129.605243692042
4538,10023.851667885621,8980.702112373223
4539,10195.735703505692,9381.13970567227
4540,10341.240487853504,9372.178913552028
4541,10278.850307128414,9571.591521076924
4542,10846.357613212724,9782.047767910472
4543,10254.635857219453,8849.64628072555
4544,10487.989662830321,9209.18820312971
4545,10158.762022253177,8532.942369157256
4546,10186.831368762563,8933.268247677603
4547,9912.149013083628,9088.596706319708
4548,10482.940304904583,8806.90386088589
4549,-955.0498348887668,0.0
4550,-1043.5210207787877,0.0
4551,-960.2075398377383,0.0
4552,-891.7610322451601,0.0
4553,-1892.3357583920879,0.0
4554,-2218.5257687303656,0.0
4555,-2509.4358191728916,0.0
4556,-2443.048940688959,0.0
4557,-2174.2038188529095,0.0
4558,-2074.4941214104274,0.0
4559,-2017.9008790261123,0.0
4560,-2000.1062503335688,0.0
4561,-2008.6914277228589,0.0
4562,-2252.5884104816996,0.0
4563,-1642.2145952548944,0.0
4564,-987.5879460127635,0.0
4565,-849.378163395817,0.0
4566,-860.0579307859462,0.0
4567,1013.2624910442646,0.0
4568,6347.252722084195,3546.267312736451
4569,6370.629463927376,3494.571298893734
4570,7365.765866045745,4102.342307867146
4571,8307.934888274203,5357.12500560587
4572,8983.24898628719,5991.853251358723
4573,10286.313789020087,8609.108814254625
4574,9904.516754250199,8078.990517614769
4575,9865.587543849273,8343.604822292715
4576,9884.336288813382,8476.162469109695
4577,9924.868227039275,8152.129146699783
4578,9950.850339833922,8690.562708310801
4579,10412.728037240851,9486.88235050537
4580,10180.283430340945,9795.273876349373
4581,10239.987138181248,9154.275206755035
4582,10120.333206520674,8668.807694782712
4583,10383.336528105992,9343.205052262269
4584,10259.486518313597,8781.082199073426
4585,10064.071646823548,9164.868531852651
4586,10128.62471375792,9083.911595806869
4587,10187.01824559073,9215.128089430093
4588,10037.139481428516,8579.437599372059
4589,10058.42066098291,8591.679581229539
4590,10218.607624533393,8998.85979485735
4591,9987.643967831822,9118.926692886967
4592,10065.82070827026,8874.365190985398
4593,10307.938320599538,10130.400936963544
4594,10359.386212088131,9139.423475531265
4595,10230.669382045122,9936.755460926614
4596,10169.60538719712,9449.197039874629
4597,10276.091560943385,9410.832802831072
4598,10402.92336953745,9442.825842392567
4599,10247.54502251012,9114.97866957379
4600,10283.87113559738,9280.614832023635
4601,7272.447031564584,3695.7647206099946
4602,10795.087539523722,9635.63864023363
4603,10811.64848717036,9882.720058999035
4604,10715.476981577416,9794.013917917451
4605,10332.415403238925,9598.050072297843
4606,10619.430332201073,10033.99799313926
4607,11097.003922872369,11285.190845875892
4608,10528.170093656609,9905.56630709225
4609,10765.66497045712,9458.761322139591
4610,10551.392663535687,9858.688712892625
4611,10727.118116494963,10225.176530454826
4612,10602.296314501247,9290.937507915123
4613,10424.937046216586,9216.66618311001
4614,10543.879357304244,10063.761343921782
4615,10874.847597359654,10807.242775038849
4616,10469.320609566283,9295.352545071217
4617,10525.684642317105,9936.561975536702
4618,10856.744054313793,9957.017297026016
4619,10802.703295695228,9857.220296987049
4620,10780.336595242741,10190.832873745669
4621,10590.373664273337,9271.795123000204
4622,11057.474072787329,10639.618780547416
4623,10919.497622638784,9889.862894643244
4624,10383.909173569773,9053.256830192258
4625,10443.22001114501,9794.343303759802
4626,10707.143048853024,9344.773665959045
4627,14488.77469058154,14065.431936549738
4628,10649.385395388057,9844.58040321163
4629,10743.469029422973,10144.465482092057
4630,10568.74063530259,10665.55733978295
4631,10787.45502999442,10188.438492045523
4632,10497.044029780642,9580.544251305915
4633,10745.510130355691,10133.390746917165
4634,10473.893098235485,9369.702761240673
4635,10798.848206987162,10362.628321107675
4636,10541.890806055184,9391.16697083452
4637,14479.854939698094,14065.431936549738
4638,16840.105428315,10075.658392003796
4639,16675.631949750863,10520.25787385122
4640,16576.86599649783,9665.546529209212
4641,16575.724110758216,8919.151876105365
4642,16724.01084872615,10002.34355301011
4643,10781.759010579954,10308.94303559994
4644,10631.97565613424,10006.718856559344
4645,10632.765135056436,10346.29723284021
4646,10934.37644738576,10592.23213550052
4647,10517.077797219365,9920.943788795155
4648,10770.481104123168,10216.921153818636
4649,10520.234477258293,9048.741019395591
4650,10746.515969353437,9894.978740488385
4651,10563.012488743914,9528.537566725532
4652,10414.225187723758,9645.896820995147
4653,10695.645004593569,10216.454715825104
4654,5579.843382727315,0.0
4655,705.6563416870194,0.0
4656,6734.100932394634,3828.234550397329
4657,9513.77520918512,8632.485419621966
4658,10428.56748798459,9361.509000487576
4659,10498.849080603446,9653.8112948015
4660,10631.330987225841,9644.916725359351
4661,10514.58772029777,9634.598080413483
4662,10655.381587363245,10279.467609504783
4663,10609.776299774074,10131.679322575454
4664,10698.359808431678,10384.982793834866
4665,10709.183623556772,10344.352013652358
4666,10879.075185756123,9930.43263479203
4667,10530.989758104479,9841.423596939336
4668,10583.19240678016,10187.33861973978
4669,-2673.7478553419733,0.0
4670,1153.5339047666967,0.0
4671,9456.74479741972,8203.880730007162
4672,10852.365605788587,10392.099140407834
4673,10719.37371472573,9948.629475033638
4674,10847.230599258826,10483.168567323328
4675,10894.757057108505,10194.093332905417
4676,10975.508349799693,11163.555334149496
4677,10850.275482674191,9980.721560687583
4678,11093.867667952047,10520.392622604908
4679,11040.13997772838,9786.169697734824
4680,11231.528952209872,10607.637257973414
4681,10674.91839024403,10225.84336403077
4682,-112.0707521610475,0.0
4683,10299.664596629416,9878.281412018585
4684,10609.736210202718,10298.867974939589
4685,10809.365434998133,10576.207399100413
4686,10751.345370987783,10135.216189435072
4687,10841.78569299874,9716.047367674666
4688,10574.49456318841,10370.77313466392
4689,10850.280102305554,9970.358575339864
4690,11102.242837595179,11009.658437052982
4691,11025.092657919264,10614.206547640386
4692,11112.120415496809,10776.457867465546
4693,11291.588379596089,11665.02224514944
4694,10665.447859609267,10061.171173434226
4695,10724.975727523824,10023.044186333063
4696,10873.293088678754,10153.229909575512
4697,10581.258940021105,10163.022804042246
4698,10627.842450683393,10139.932395814149
4699,10910.42158637107,10179.697098537055
4700,10856.777153028095,9948.441748137477
4701,10746.50794578699,10430.13399160904
4702,10779.765604598506,10299.636158005484
4703,10789.07454419298,10963.18048231942
4704,10496.818437691078,9889.224853536038
4705,10674.881788800478,10019.759541499578
4706,11032.207168550642,10063.815473763008
4707,10714.1619991937,9937.850726437358
4708,10655.001877084824,10582.470336900024
4709,10503.549647128813,10587.867197240032
4710,10937.919899326702,10911.377072568312
4711,10874.776672212944,9964.79241528368
4712,10876.79539264596,11142.746441144094
4713,10688.953092474549,9714.663025777803
4714,10668.660593606262,9833.563252974212
4715,10613.963262815163,9153.304900558607
4716,10646.958045327745,9827.131015458428
4717,10754.400564503987,9613.636011474404
4718,10657.089338917749,10571.676616220004
4719,10600.301935414367,10196.24700956692
4720,11022.853925953616,10859.098011233678
4721,10738.291247936337,9928.274351335524
4722,10824.605367290802,10082.38661609819
4723,10555.797160121238,9820.415460050275
4724,10707.76021301181,10398.60969343858
4725,10770.427078246366,10150.430129915554
4726,10989.734011288596,10581.591590754178
4727,10877.626561813242,9904.942086370038
4728,10643.091336782665,9352.982974645258
4729,10799.35884182425,9887.992535874107
4730,10770.113903949301,10196.830920832905
4731,10524.183206105456,9715.808966033526
4732,10909.239697026089,10194.949045076271
4733,10792.418757901778,9869.672463866307
4734,10940.9072731064,10199.36811317798
4735,10885.609769570812,10086.461326273811
4736,10862.321180913392,9820.766728168865
4737,10915.787147523639,9894.808289073462
4738,10986.398978478108,9835.69044056448
4739,11053.685497052822,10745.36084953114
4740,10804.374088646337,10442.40419008588
4741,11037.25142775082,9781.930294638028
4742,10727.544168661057,9655.804309487456
4743,10767.91243732578,10075.172375131517
4744,10895.478633646348,10542.033042107423
4745,10618.97217266071,10256.384111469184
4746,10864.656064054489,10696.521912361168
4747,10806.529969486937,10295.221696698767
4748,12128.090843351692,12772.0857578838
4749,10333.982837581641,10449.64376842504
4750,10174.80882542672,9681.365111533163
4751,10774.783354790861,9621.736484628793
4752,10661.148233412681,10383.167716605703
4753,10095.526974781056,8680.925293175247
4754,10474.360506951907,9644.318417859002
4755,10467.177845541119,9211.911394822828
4756,10548.304716980983,9930.422269503284
4757,10508.88768757044,10010.06223802905
4758,10558.956832265525,9471.66725832614
4759,10369.893486099556,9444.967426217205
4760,10649.087666768864,9805.464106884672
4761,10514.113831074013,10073.454040597311
4762,10421.798534299676,9642.549408579816
4763,11680.702250831473,11710.194173501106
4764,11056.537208712096,10650.906579990957
4765,10683.470376797317,9751.326203768394
4766,11160.071040558236,10020.576095912951
4767,10480.781267982096,10653.171971431162
4768,10237.659160220675,9781.916474253034
4769,10538.893676852007,10256.490067754134
4770,11504.205621730895,12058.31700280428
4771,10854.178580968517,10152.530828434585
4772,10950.8027844506,10730.24941023936
4773,10724.72790205603,10032.033195072669
4774,10837.619527335824,10666.088272906456
4775,11028.156111455357,10126.452913650364
4776,10976.110447820967,10385.86269167946
4777,10864.78182400809,9892.324074870858
4778,10929.121645120216,10806.636981496626
4779,10969.423665379183,10216.993710839852
4780,11039.307192033972,9696.1356479951
4781,10808.172726644241,10561.876811560773
4782,10819.62639854514,10310.535834970457
4783,10856.345298510798,10201.421592048286
4784,10718.59324457707,10193.206524868325
4785,10892.674091292054,11126.065236456789
4786,10939.820513475208,10491.831645316832
4787,10878.01637091802,10645.766548472078
4788,10765.996057760021,10674.534831535058
4789,10803.422013862539,10450.815046053252
4790,10839.588271823468,10859.148685978656
4791,10008.879527502859,8640.048049460353
4792,10939.845838400086,10476.12247437408
4793,10651.791384266475,10113.316637713924
4794,10970.271152686211,9861.766051951205
4795,10420.913343263746,9943.2925030286
4796,10567.74615734838,9985.854682013964
4797,16893.079569906928,10183.813269867656
4798,16657.319162175525,10001.940458447796
4799,16758.00023947674,10106.77614051569
4800,16669.550914476175,10162.81895336359
4801,16754.560745756557,10429.413028191871
4802,16847.001200619954,10383.97390573033
4803,16599.166218122675,9517.520416488114
4804,16768.81962945034,10382.97998970954
4805,16727.754684600255,10409.92858874836
4806,16720.460654165545,10021.3339136901
4807,16626.72278778662,10018.893464039977
4808,16701.017515173193,9430.337972852076
4809,16588.439972822693,9795.439720969296
4810,16756.3172106832,9765.918226924165
4811,16564.93048983907,10168.569385219687
4812,16680.628870866138,9525.023157991527
4813,16680.99332123039,10412.09608579486
4814,16871.35838035466,9931.219245037915
4815,16365.943319282347,9821.05925965123
4816,16594.28745399465,9713.035675444806
4817,16901.308659143906,10294.89231085642
4818,16559.669309651883,9493.905985329004
4819,16575.266452880423,9732.538542068309
4820,16673.60396808732,9664.369493087252
4821,16720.532363241073,9822.399836995612
4822,16655.10963008456,9877.87946915502
4823,16486.840437462124,9473.538768794026
4824,16787.08172543635,9445.397009850756
4825,16820.967638969676,10640.719804551907
4826,10894.746083460574,10696.845539709768
4827,11270.797924231589,11053.797291626372
4828,10755.033095232458,10627.000769048234
4829,10774.88581710013,10745.695993867235
4830,10695.045847971556,10789.601053594484
4831,10616.642540203986,11003.383982265876
4832,10749.545469829465,10639.197258805109
4833,10833.044048898171,10432.481153660456
4834,10735.927780702443,10558.387164349884
4835,10860.30833571918,10408.30584521036
4836,10934.134800790573,10447.061659828732
4837,10770.243759017327,10436.917497243412
4838,10903.98034833654,10105.5634017325
4839,10874.684207607781,10301.217440388504
4840,10912.036412192996,10830.051017073329
4841,10947.20083864305,11157.54116327977
4842,9865.040381944891,8348.20067615247
4843,11255.752269285127,11221.969494722553
4844,11357.411763443482,11899.920418693591
4845,10906.936074907182,11090.500779073192
4846,10667.598601084685,10016.776641738454
4847,10274.796323350503,9900.616305867032
4848,10383.651202369772,9562.929594782168
4849,10508.70594509508,9717.200218122884
4850,10155.344174396168,9560.956158974952
4851,10789.583639653385,10307.897293135422
4852,8081.317756085861,4826.977340647904
4853,8820.87820927506,6540.961332829193
4854,10668.541520554376,10077.66119612912
4855,10758.148520226914,10423.107477538531
4856,10665.309487996354,9984.053425169795
4857,10599.501040953037,10040.283964913862
4858,10400.160472850272,9598.770459865636
4859,10478.734005913024,9994.798774502342
4860,10813.546761321373,10645.540815517184
4861,10275.30982841915,9229.905536084529
4862,10417.918231635933,9784.229085341967
4863,10881.666306216019,10377.90560501938
4864,10859.471297501388,10719.137820704484
4865,10940.40330081023,10626.38115512102
4866,10899.770777503769,10719.940554732864
4867,11076.388296818172,10318.381206851836
4868,-623.8191132381617,0.0
4869,-1551.6798830511598,0.0
4870,-850.8584660812139,0.0
4871,7709.192893420338,4448.971959741636
4872,7701.597575589616,4200.587105916517
4873,7805.196644926424,4625.913485040958
4874,7668.066983072171,4500.979796020772
4875,7757.586099046074,4542.94165203298
4876,7511.669520610553,4765.520967828126
4877,7808.80328334305,4746.176459782674
4878,7574.769716009468,4627.47173344899
4879,7747.879997340767,4708.22884976174
4880,247.84869657864874,0.0
4881,7083.484293883526,4823.227985369008
4882,10223.446717356339,10142.929115960264
4883,10521.756585125317,10853.603256499962
4884,10445.845397008801,9473.274453931022
4885,10403.634368565683,10001.831047066597
4886,10548.766949174735,10654.271843736906
4887,10492.445643689683,9852.521366089217
4888,10437.30561071276,10418.128683844578
4889,10485.817408026869,9722.737585710332
4890,10274.336239789203,9893.092257936754
4891,10534.974415077068,9624.600759418723
4892,10406.188252139305,9651.01266684029
4893,10414.249268472133,9815.278883627643
4894,10437.22430590089,9781.29916372332
4895,10527.147613832409,10317.447179166018
4896,10523.335244964079,10350.515905359514
4897,10487.647419220793,10528.076756661363
4898,10692.638370049768,10152.988052838124
4899,10671.813532718017,9898.9509494753
4900,10749.176209990997,10125.606415069506
4901,10808.773583097467,10063.922581746709
4902,10740.232730281226,10610.067342334794
4903,10764.577978371102,11003.47957326208
4904,10811.06795330232,10806.566727872909
4905,10839.79022350515,10385.870753570704
4906,10791.299340083979,10499.842861818135
4907,11141.447013320141,9844.821108250268
4908,10671.181256713866,10445.042731920914
4909,11104.721176132445,10713.715622991986
4910,10895.03426025927,11417.987470183389
4911,10796.545949636635,10850.674486580065
4912,9945.550959947268,8557.524227265916
4913,11085.89075449112,10860.322267004363
4914,10697.627128979542,10264.534683519174
4915,10970.252478441462,10635.495699024315
4916,10970.909372557102,10026.066243851668
4917,10912.41682309741,10099.10467514548
4918,10836.968663530351,10418.638886390592
4919,10902.031986141861,9779.53591293788
4920,10971.362864038623,10419.999042613714
4921,10883.886724256863,10808.933468803069
4922,11009.591983599526,9743.752632791888
4923,11146.222825697543,10389.498604631532
4924,11087.148989447509,10606.095133347875
4925,11750.93782124281,12090.12346716836
4926,10720.59287055783,10538.610193424003
4927,11261.289693023253,10421.20141610816
4928,11041.979170484185,9968.19914018461
4929,11190.724698318056,10341.24357872754
4930,10941.810782117922,9920.581003689074
4931,10800.220102002942,10675.380178417168
4932,11071.73261512016,9999.67621870634
4933,11140.83611494282,10064.006655755418
4934,11186.882529544044,10325.07257658625
4935,11016.155358365895,10240.61044539646
4936,10842.9187771967,9373.418141406455
4937,11240.661809355679,10075.60080706632
4938,10939.835793299735,9210.39000077478
4939,11476.833301737133,11460.4529064738
4940,11056.495998096392,10656.222821418503
4941,10803.298049149344,10081.761243677229
4942,11155.441809863154,9638.908888832748
4943,10865.998252299782,9927.771058982007
4944,11208.391556709445,10871.011183098184
4945,10919.995277220462,10424.304092539229
4946,11038.924087882135,9922.440997169468
4947,11027.983063710535,10011.56174980086
4948,10921.324801921894,9560.37570280522
4949,11305.796165440455,11115.056148110614
4950,11240.465181880645,10205.472116550169
4951,10919.32525803146,10949.311725978316
4952,10966.742114347984,10757.431804124322
4953,10811.909058590085,10188.628522339186
4954,10904.643310685438,10191.58953982407
4955,10833.925937058984,10132.366886728889
4956,10931.610181915861,10213.879517421288
4957,10753.389091745365,9783.432109807334
4958,11139.826156895848,10462.777740963982
4959,8055.288809259105,4739.404471135797
4960,10750.680727732353,10038.427426529715
4961,10757.167047882118,10115.55554008289
4962,10838.610252219267,9803.840211647925
4963,10736.2694399266,10299.363205401858
4964,10765.53617892355,9802.00210044377
4965,10803.673248994302,10075.206926094002
4966,10720.753005691226,10440.534983015492
4967,10757.165256706066,9690.010914045426
4968,10602.704656864453,10182.511850280756
4969,10687.852695768765,10005.063865456355
4970,10849.977396985327,10040.844842204851
4971,10912.298879660111,10160.299036499751
4972,10836.311504567395,10026.90928733628
4973,10886.121867993637,9623.551561857956
4974,10438.704548977883,9607.798626362724
4975,10772.84975090917,10445.930691656757
4976,10749.863145099473,10021.414532602565
4977,10819.50704166953,10185.204521957015
4978,10739.681429486089,10709.63285092512
4979,10902.61096874877,9828.521115849038
4980,10943.7327592868,10015.158504995448
4981,10709.81468435549,9582.638039632451
4982,10616.675885279623,9565.104002021164
4983,10648.797498536942,9986.223225613796
4984,10823.769023813433,10430.687958707536
4985,10900.787282490604,9673.06597034449
4986,10631.51925859892,9612.6720396211
4987,10863.139924535726,9889.990733204437
4988,10639.006006565738,9512.267518491786
4989,10740.69988100884,9885.614277956452
4990,10587.726833485527,9928.299688708012
4991,10770.233762679134,9673.486340388048
4992,10675.379158813495,10092.656313847205
4993,10589.45042159341,9810.835629852194
4994,10784.207744508609,9634.646451760964
4995,10635.25330208067,9261.016950253304
4996,10949.969503971535,10461.666351670749
4997,10745.4683406133,9525.985978146084
4998,11256.908028773545,9938.69492162072
4999,10686.504156652161,10221.905706006335
5000,11056.817826400602,11601.977103904772
5001,10397.110871361168,9890.89020992777
5002,10772.959126471977,10325.902951384618
5003,604.9346802055043,0.0
5004,11212.108423686104,10822.882844056632
5005,11249.930564565557,10182.2054984134
5006,11149.607899965871,10511.296505881604
5007,11100.126283198986,10863.608063536598
5008,11148.374388998005,10137.027811567988
5009,10982.047411387099,10778.01150907858
5010,9799.916391110506,7240.67763561707
5011,10763.76437258898,9512.718984401576
5012,10137.51363606974,8710.491127622234
5013,10576.308100773567,9925.94676816285
5014,10871.351650748747,9790.685508531493
5015,10696.690281348165,9452.25998269884
5016,10744.300040517774,9603.490697190337
5017,10925.678345487519,10435.528548551552
5018,11091.171429712373,10080.703984225218
5019,10958.954224091342,10386.58135169913
5020,11240.403135269968,10198.74274075702
5021,11216.212998255756,10081.676017969769
5022,11095.147515242981,10321.055451348102
5023,11144.839474576691,10397.780470338965
5024,11188.469199162933,10512.253567542411
5025,11466.404185370964,10107.008783663085
5026,11132.758823143073,11582.939523576051
5027,11048.475036302254,10322.151868557596
5028,11076.880749493543,10756.638283685936
5029,11067.487556604094,10062.405794493658
5030,11400.493619424835,11212.484103821926
5031,11364.737789481998,10988.489062338997
5032,11202.153228275753,10145.530803435317
5033,11045.778783276935,10428.458269928564
5034,11155.02559016467,10490.681098266112
5035,10928.186587632861,9810.2816627537
5036,10627.737122542583,9787.354795748026
5037,10701.326184972988,9796.046666210266
5038,10443.39807772594,9482.756389735398
5039,10710.393504913696,9810.942737835896
5040,10703.148651667374,9685.480131165015
5041,10593.550668454338,9572.739188880769
5042,10478.80596633466,9954.616005133375
5043,10514.294643530839,9319.180616348349
5044,10446.818856381251,9442.977290778124
5045,-1586.743722413683,0.0
5046,-1214.2780337787608,0.0
5047,8184.135932713182,3493.5085688726617
5048,10548.189737367116,9242.349641072538
5049,10535.056991856181,8712.86708214239
5050,10721.929411462957,9658.784330001705
5051,10210.488917348179,8292.412388728202
5052,10249.55081401602,8680.510105776066
5053,10435.698874706017,8977.988710119474
5054,10385.349109062287,8680.40127024424
5055,10267.783521644016,8930.647557173186
5056,10470.213462217176,9120.084725979556
5057,10240.77073422291,9167.40457249898
5058,10278.240126911656,9231.306577613255
5059,10375.370619267345,9237.907538995836
5060,10399.311048982647,8919.57224614892
5061,10274.918592154274,9281.026564326572
5062,10250.350783571124,8881.176913239131
5063,10407.475053715929,9333.48701821425
5064,10361.040086062321,8661.446036376108
5065,10427.40491535902,8224.727629071296
5066,10371.396051176656,8778.198345404755
5067,10411.205306912883,8866.952281984442
5068,10423.04505961601,8895.743599022411
5069,10258.422157703215,9213.30782955656
5070,10386.225673980789,8599.175412540455
5071,10414.528971186395,9464.524422681932
5072,10411.72808167997,9147.743347297424
5073,10411.550923670595,9436.296862181827
5074,10485.569207382632,9185.361859400698
5075,10435.387531047138,9095.992339839422
5076,10574.454646939104,8867.568440815408
5077,10416.037047291356,9218.325781007994
5078,10396.465000317869,8806.607874307276
5079,10312.793304709212,9045.54908631144
5080,10549.91070415442,8784.243036291342
5081,10569.987102856852,9755.703810715126
5082,10723.572287185245,9357.482085810056
5083,10674.347444517936,9489.31243486675
5084,10575.267929489142,9485.551562600358
5085,10669.942877126945,9725.499359311556
5086,10563.864313157334,9119.803711484688
5087,10547.132424523526,9321.09416382059
5088,10715.477956612986,8967.734560303581
5089,10328.124848243393,9202.08510109236
5090,10518.15912398267,9149.135751085532
5091,10539.950837352199,9683.162913281083
5092,10397.75610601126,9353.261109893254
5093,10515.887561615196,9762.842039564332
5094,10503.203847938585,9621.751456712536
5095,10596.350097642624,9402.943090547838
5096,10561.28465138164,9380.650233703744
5097,10419.624948897159,9720.09328538155
5098,10549.651884823763,9228.988208030576
5099,10463.24121264301,8930.266344887112
5100,10616.139395922815,9440.104954096949
5101,10636.966180773272,9465.672666335153
5102,10587.403351977862,9331.086302170985
5103,10500.864744121762,8992.207582880417
5104,10563.043086313988,9108.532035823637
5105,10318.486677621111,9462.161136848024
5106,10553.88354835384,9114.674045254553
5107,10565.905455065333,9852.828869655326
5108,10356.872648470202,8972.075888739702
5109,10568.203365825608,9451.893166647134
5110,10684.383260500354,9264.15245009873
5111,10653.88353518038,9251.581082398903
5112,10507.624587289216,9839.282588964074
5113,10405.621095066599,9505.5139570249
5114,10440.31711618853,9567.857713731146
5115,10254.2437246372,9342.01937839969
5116,10751.521799391567,10020.422919979272
5117,10628.555481216597,9514.03537607222
5118,10585.247894464326,9665.082394613171
5119,10421.154066614505,9694.780098566976
5120,10630.803390331406,9356.034976331348
5121,10393.885634528784,9432.00966358693
5122,10786.582899006022,9872.473395225015
5123,10609.77588728461,9212.79589946242
5124,10567.74486578499,9403.616834316275
5125,10728.187584210653,9784.9189528929
5126,10492.532050270825,9362.459151955887
5127,10528.965288801643,9725.90360557262
5128,10609.17177948406,9746.04681670083
5129,10673.193149750557,9746.829971850468
5130,10530.085504886549,9031.119452679342
5131,10538.07085539725,9703.779472595324
5132,10782.607204591648,9559.644949948684
5133,10603.840530283807,9509.4205191831
5134,10698.099317920673,9658.071428475783
5135,10648.814032715085,9525.10492860274
5136,10481.096718476281,9360.822012183517
5137,10483.120491915262,9552.245861332722
5138,10629.398253650312,9638.415961767974
5139,10828.004018442538,9765.112037799536
5140,10751.583150127779,9536.128989032652
5141,10775.601758036068,9715.379382399977
5142,10554.68592349331,9400.433538972746
5143,10620.63096155874,9848.48351027358
5144,10510.497212661108,9441.177761482077
5145,10719.7927263816,9465.502790769606
5146,10800.805099666812,9685.131166443927
5147,10671.020274674782,9058.533913862324
5148,10903.456439971324,9584.443327422245
5149,10779.061466396168,9524.727747262288
5150,10916.182405664795,9855.5940983528
5151,10609.631502667913,9629.40852584838
5152,10589.09314497896,9531.019477530635
5153,10678.1357464131,9691.140730518657
5154,10586.572236809472,9368.697328232383
5155,10735.83752778358,9469.863122235096
5156,10544.008546827397,9461.943465784374
5157,10531.531827363855,9543.771086084756
5158,10608.338937001294,9446.500913102122
5159,10709.900911822526,9483.70654120371
5160,530.1976483476701,0.0
5161,11723.900537087899,11195.618627334705
5162,10740.656087122425,9856.848298290972
5163,10649.83038949496,9414.594826796214
5164,10618.970351071814,9725.05941038926
5165,10585.516449382814,10442.617254354533
5166,10780.658992146497,9696.527225569922
5167,10730.947140209431,9741.943314056472
5168,10911.001637086845,9752.373097931662
5169,10908.524934179517,9544.201245567683
5170,10801.579099822435,9662.547505665594
5171,10762.91997456346,9362.791992894485
5172,10742.269394092735,9546.107882847427
5173,10869.713914984026,9680.235295059936
5174,10854.961309508784,9509.976789679096
5175,10560.256578760216,9565.749529170243
5176,10735.992264662586,9666.822611423622
5177,10578.291574603483,10047.81261963914
5178,10870.899618213774,10185.86559703921
5179,10610.971077503844,9275.304924939212
5180,10651.086137042283,9705.345782894605
5181,10675.025690663935,8817.492579188505
5182,11036.285767361813,9436.39187732866
5183,10708.15338893548,9606.09065711726
5184,10790.679817887845,9256.13202000743
5185,10793.950913954764,10450.781646789515
5186,10725.725823058761,9770.536538909531
5187,10849.19143497846,10115.696047330326
5188,10901.487195042995,9846.108707452177
5189,10570.474987550966,9060.162991743447
5190,10582.697918680642,9200.329336348796
5191,10663.372139321113,10059.03937904896
5192,10897.196349681333,9759.523995467114
5193,10798.602388204394,9274.555744902682
5194,10642.92326132897,9569.211535611146
5195,10636.534145104717,9168.135901204894
5196,10729.803140798958,9562.868554748447
5197,10546.571555798524,9340.171477756166
5198,10803.124778955917,9701.06146354658
5199,10786.303883081855,9465.057659202936
5200,10627.90786844184,9664.09654048363
5201,10629.865895484734,9517.015396586472
5202,10734.573434527683,9281.947923326146
5203,10787.237585251818,9805.53896730339
5204,10846.265593035168,9325.353145796127
5205,10756.856712207235,9497.784330867842
5206,10825.212697352024,9375.187726535014
5207,10536.385072617895,9512.38959855923
5208,10649.25525085156,9831.44182387769
5209,10979.439399781828,9903.077486094648
5210,10912.437131538998,9565.468514675373
5211,10545.938089751955,9492.311458410366
5212,10451.611610318196,9317.31371267546
5213,10788.372285469826,9744.105052609224
5214,10881.230520536597,9648.285444201549
5215,10701.51779682848,9451.412908268609
5216,10770.934581512085,9129.903533668154
5217,10507.388309755637,9593.28894966754
5218,10720.440020457525,9435.994541260094
5219,10530.216791369483,9318.46771482243
5220,10954.76461289831,10754.020472428396
5221,10809.104367347896,9859.739062152135
5222,10749.956109409599,9513.805036322326
5223,10788.934045703783,9902.8575116335
5224,10607.91707399235,9699.702459022206
5225,10780.618919189852,10104.769881294116
5226,10550.092298324851,9429.940060934134
5227,10922.351080939692,9310.888385352171
5228,10663.82014271582,9777.077036107765
5229,10652.793444163548,9188.921184385932
5230,10514.803638633068,9563.920631556086
5231,10721.442418156566,9775.760644437123
5232,10847.978486975346,9946.73723398826
5233,10532.870715568704,9550.298914596744
5234,10536.722734452644,9101.76004717676
5235,10676.301721279006,9864.269845032548
5236,10486.937571085917,9760.990107975187
5237,10594.660633389121,9203.354273114275
5238,10848.862319625036,9920.5280255466
5239,10854.398778467348,11577.06701165251
5240,10081.521086271587,9072.098621733569
5241,10248.758128528807,8913.762501807225
5242,10284.1582741854,8786.1266395961
5243,10379.032846240152,8658.458529819985
5244,10188.681165084085,8490.053107727039
5245,10910.025213154328,9457.10690688598
5246,10452.834059105166,8937.670040298071
5247,10407.315835690835,9381.397686192153
5248,10684.623580575162,9086.792570228665
5249,10558.120688063724,9353.779950179887
5250,9868.507571551305,7884.5492177419555
5251,10389.957019681526,10257.914719107226
5252,9924.732893356164,8181.115676675788
5253,10161.141741006924,8400.372629503405
5254,10358.013714865447,9476.685209777574
5255,12019.332500221137,12727.4274871744
5256,11647.675640797861,10927.958079464415
5257,10668.970335758535,8890.115247233758
5258,11437.701508418706,11208.984091322292
5259,11436.882430228929,11080.963561728842
5260,11413.580258375285,11357.49679676504
5261,11420.329432725694,10948.11280758012
5262,-1582.957913146396,0.0
5263,7908.85406814983,3059.5159445831555
5264,10376.164507843694,8894.180743819383
5265,11425.529564277043,11176.349555557345
5266,11585.046275297713,11254.43127567508
5267,11725.35434444013,11488.39657323216
5268,11139.718734529983,10730.570734190462
5269,10632.543007534865,9120.110639201424
5270,11107.028784953958,11121.350181776465
5271,11592.976317486395,10705.930139445578
5272,11217.027626339226,11191.038321408068
5273,11385.00769820426,10960.300083746995
5274,11290.050710700722,10364.495224780563
5275,11377.394779231552,10823.42759756513
5276,11388.554469482464,11047.041426761987
5277,11463.84732247356,10854.592565725756
5278,11524.699179252704,10936.50944267922
5279,11162.030372892586,12373.95732057744
5280,11372.112555720814,10895.157699079544
5281,11493.831848186264,11028.431126669322
5282,11434.607340064944,10746.928311529167
5283,11344.280256998143,10750.246355626388
5284,11466.59978467776,11066.813790892867
5285,11502.659426093007,10553.742363293277
5286,9752.41767081316,7004.106619639316
5287,10340.76512144511,8787.041088403177
5288,10365.78744553881,8553.114948603576
5289,11127.24171879377,10396.583855338264
5290,11451.077703009742,11234.749895745406
5291,11286.883739694045,11365.962934272384
5292,10366.313120966199,8505.831956444135
5293,11416.56951295603,10847.827487271376
5294,11444.765921730466,10939.13646752676
5295,11432.557609309253,10529.479525738216
5296,11473.005823361946,10645.04443335616
5297,11364.237143483704,10492.55145703525
5298,11352.453755923103,10801.365656320308
5299,11480.64160970648,10974.545445579177
5300,11375.644493441665,11078.268586655084
5301,11009.731294877758,9470.1775359937
5302,11229.821731532049,10855.098161476772
5303,11228.893366634273,10854.058177506004
5304,11275.028735412152,11091.361098039046
5305,11352.51274448746,10527.026407401849
5306,11389.52429624093,10825.190848350569
5307,11338.210457302961,10862.490915749611
5308,9542.50985138274,6836.815466086479
5309,11067.736735316028,10047.714725245432
5310,11073.305729932428,10297.439868490246
5311,10958.726622290185,10403.176178980224
5312,10948.565352148787,10484.27189472532
5313,11134.459018089596,10304.920151868046
5314,11058.455567220451,10215.801702634151
5315,11156.544014837422,10488.806132701977
5316,11010.8001843805,10578.551106055582
5317,10913.294402365023,10409.791536597171
5318,11077.727121460452,10418.985547714185
5319,10950.59642406973,10446.766824948869
5320,11297.056931220275,9670.33644430825
5321,11052.935601304654,10217.28048382847
5322,11186.758228815881,10511.7341514064
5323,11090.933013685919,10430.0073047466
5324,10965.032078538898,10285.439167520784
5325,9140.777860576243,5180.633506592902
5326,11091.370160059092,10618.200638903543
5327,10939.173492820326,10457.139023886584
5328,11227.948073310581,10010.284515887695
5329,11053.162847252472,10277.07322780464
5330,11190.45109738068,10203.669708007248
5331,11077.046474636581,10494.15462169451
5332,11071.359657699788,10229.231661751708
5333,11055.927761181756,10281.044285092808
5334,11050.45387673047,10332.499881821574
5335,11109.746714936733,10544.19247726268
5336,11055.407248397465,10450.562824027118
5337,10979.904567875841,10377.175428012217
5338,10982.282988815532,10379.734502633535
5339,11003.027418847181,10168.121374406144
5340,11190.850203116095,10375.707012106644
5341,11226.60543654707,10355.993384611987
5342,11120.496571731866,10325.07257658625
5343,10983.120718719176,10019.551084025925
5344,11274.869119080115,10349.534658024968
5345,11262.812832251799,9981.627947603416
5346,11168.615014388239,10270.813745101275
5347,11057.27077728444,10448.403388871862
5348,10607.077891219495,8597.989162828502
5349,9798.704722203862,6427.023775544248
5350,11658.109195394023,11455.998135710855
5351,11662.548126878171,11446.325017914063
5352,11872.725531369224,11571.28318053268
5353,11787.947144920461,11614.78744909511
5354,11804.976278666043,11743.832990575587
5355,11835.962739611388,11575.023898070953
5356,11683.258480825101,11411.620879496324
5357,10904.656953942027,10143.934548968551
5358,10997.797610148193,10152.728920619496
5359,10866.345795568983,10092.133442614946
5360,10493.569588355185,8392.139710992828
5361,10557.43804474322,9917.456444981766
5362,10801.171517913084,10610.741086103231
5363,10254.162229012998,8740.496335142147
5364,10086.98655495274,7912.457181839083
5365,10722.921955549908,9430.0684753447
5366,11870.055383454117,11806.5717799529
5367,11912.588058713402,11735.76534083556
5368,11923.325430366389,11875.369656451168
5369,11377.172745520922,11214.102240564933
5370,11371.68799343332,11183.66514601397
5371,11515.48439000512,11091.72042804888
5372,11175.219864823765,10034.443700555305
5373,11324.479416546288,11063.14563037581
5374,11348.893772309693,10597.858183891678
5375,11346.695431197948,10940.475893172392
5376,11356.403626978701,10789.649424941965
5377,11229.486660828352,10882.446399981658
5378,11099.024379375383,10361.628646593135
5379,11995.204493030851,11761.103865022622
5380,12194.647923031402,0.0
5381,11830.92679927886,10399.6485257106
5382,10770.65245747151,9808.664677709448
5383,11552.148226213114,10477.932944808244
5384,11876.08643380844,10919.654331480746
5385,11201.058045497957,9603.3501899429
5386,11452.963984959762,9567.286471151408
5387,12567.84042570852,10727.493395131882
5388,11564.750410926208,10206.821907484544
5389,11515.31598048799,9906.964469374105
5390,11321.870447206722,9849.104275899545
5391,11176.60012591872,9705.623342293224
5392,11390.86051842018,9603.387620152256
5393,11522.058499327115,11141.054595681124
5394,11696.15369799492,10555.433057057497
5395,11057.942460528364,9459.332564719329
5396,11087.68239737785,9049.034702576704
5397,11552.746022537232,9707.358952308674
5398,11385.853357526034,10351.124002299232
5399,11316.65191032498,9182.35765321271
5400,11386.845693459692,9338.847600043651
5401,11469.247354889261,10171.865547040668
5402,11460.538207289723,9235.63466151376
5403,11097.163847760414,9134.689417821572
5404,11136.386496498244,9396.782653936929
5405,11378.055085173362,9795.177133654415
5406,11376.372750476392,9418.281990342635
5407,11382.534014634883,9690.104201644132
5408,11264.551381916102,10142.669983741634
5409,11524.85255421226,9079.86625394936
5410,11573.049745246566,9572.465084578394
5411,11686.485996619447,9691.426351808524
5412,11476.427121628114,9909.438318287965
5413,11385.602315091062,10133.113187518542
5414,11459.737045469908,10287.75868880221
5415,11350.73637899114,10066.998769106538
5416,11554.150533229302,9711.90355557408
5417,11458.996520018565,9775.663901742168
5418,11439.959968532945,10092.205999636162
5419,11588.017110784444,9583.248439969671
5420,11545.364640642314,9504.89837404331
5421,11613.872634866015,9797.354995989665
5422,11612.586642589611,9996.626520417749
5423,11678.879903932233,9453.146790735933
5424,11548.82518116663,9480.858390196274
5425,11623.64683035546,9731.330410080118
5426,11547.985890110147,9672.926614795806
5427,11431.36540712598,9920.470440609124
5428,11459.867825407337,9990.0065560058
5429,11632.687048813517,9759.137024687292
5430,11553.510317971035,10009.678722345478
5431,11510.565504573402,9840.729122593406
5432,11592.03945616131,9605.200969833297
5433,7412.926500332002,1923.872451531353
5434,10265.363983981077,6990.276445206319
5435,11484.126536952272,9447.40442077108
5436,11162.538570332625,9625.91427184249
5437,11260.783303299413,9705.22370282716
5438,11183.351585048353,8765.812401203593
5439,11411.378208757567,9983.945165487346
5440,11447.57556723057,9515.729524932687
5441,11307.600796368999,9818.509398619904
5442,11459.201539882388,9315.553916986271
5443,11339.618105136002,9824.436040384671
5444,11481.794539639104,9312.209383817815
5445,11395.192428242866,10061.882923261395
5446,11395.019914222612,9548.520691727565
5447,11535.449922589441,9343.73944048202
5448,11522.06200643862,9601.514382136247
5449,11339.92405819691,9960.153372720824
5450,11758.69483337942,9801.127961092923
5451,11598.993225383703,9506.566609681917
5452,11571.873979699965,9971.065718372038
5453,11538.666262233137,9914.42747727066
5454,11632.77055636816,9794.58976729219
5455,11571.892631433628,10223.104624404534
5456,11616.454542039675,10064.661972343863
5457,11567.48515957452,10176.837430542124
5458,11542.978792508171,9948.030591683912
5459,11364.161887076027,8929.756718190472
5460,11683.159533354366,10097.278080928822
5461,11500.483989386617,9879.580528207984
5462,11504.31611480991,9918.504490843785
5463,11466.322449621259,10246.903327363556
5464,11730.410386566717,9849.601809759317
5465,11617.896463240828,10109.44462651821
5466,11605.57253147789,9845.163162778865
5467,11650.017273939946,9895.608719704343
5468,11602.508274550954,10355.795292427078
5469,11646.927479718936,9579.557821326998
5470,11688.716406462154,9773.150895070828
5471,11488.856931377939,9703.05505408191
5472,11743.141868138384,10772.82656130847
5473,11971.655327544553,10198.004501858612
5474,11640.698766086422,9767.07568416738
5475,11888.178154811658,10435.118543796742
5476,11963.456457993258,10457.968246986202
5477,11833.040611043954,10600.792712305323
5478,11855.002302115552,10341.475070176184
5479,11969.62082321644,10582.829666909858
5480,11925.913005400627,10201.146336047164
5481,11417.646853585746,9416.455971975356
5482,11860.777699618795,10242.669682760508
5483,12094.346088261382,10522.29638063778
5484,11853.298843577762,10894.100439627531
5485,11747.844458308506,10133.83530263446
5486,11680.34932015688,10731.773107684909
5487,11880.147956392553,9901.332662489202
5488,12001.86736733701,10654.343249059371
5489,12034.403698966471,10653.168516334914
5490,11800.862058095185,10829.252889839943
5491,11802.339848781674,9915.940809427466
5492,11778.850011526774,11009.850770744142
5493,11860.74306928122,10469.328603450962
5494,11729.596776098568,10573.48132816042
5495,11305.717252671693,9132.160863217112
5496,11314.258930278798,9368.76239921173
5497,11378.89341972967,9071.396085496392
5498,11399.139505178806,8735.84923068804
5499,11362.887438425105,9328.750081257684
5500,11388.96104678052,9853.066119597715
5501,11583.545734259198,9924.051072021224
5502,11636.817581530702,9839.800853401335
5503,11555.227555719855,9971.208529016973
5504,11570.412210550448,9346.80929349873
5505,11633.745533542273,9929.396105917507
5506,-1595.2489227136139,0.0
5507,-1425.1668484815127,0.0
5508,-770.6281510101835,0.0
5509,-698.9937659155985,0.0
5510,-254.68915150878456,0.0
5511,7996.276717745529,1857.8549197766476
5512,10098.707779311912,4932.2552750355935
5513,10723.835525810204,7559.982082961665
5514,10635.437681553158,7414.797211055506
5515,10835.285540817415,7949.270656516478
5516,10099.61216786419,6474.624060709167
5517,10756.076806209905,8191.209740365506
5518,11260.984701704052,7987.137935549636
5519,11237.17668856326,9526.344732306545
5520,11383.816849693041,9549.198466441629
5521,11821.322206640434,10262.55030657384
5522,12576.9338608361,9910.842239063566
5523,11895.726820786538,10690.267036452802
5524,11733.878975442778,10535.337065578016
5525,11830.379334574227,10605.406417495697
5526,12611.372482127032,10634.846140929614
5527,11625.486874805192,10779.133263660562
5528,11735.083561836313,10358.506391283328
5529,11827.23804087521,10214.59126724846
5530,11747.841367351666,10568.144356155382
5531,11897.327422124861,10689.983718560434
5532,12668.47383361276,10123.877715246552
5533,11752.330250327868,10629.101467567263
5534,11888.149183414476,10604.737280522251
5535,11785.742318962428,10386.462726727934
5536,11799.486844624538,10379.3820828162
5537,11937.889882444251,10268.694619402257
5538,11805.968530421287,10221.069572714225
5539,11634.065258612318,10621.724837076918
5540,12011.724356234883,10932.761814948452
5541,12066.421753573144,11277.51707710818
5542,12150.004713926708,10391.246883333226
5543,12038.65509019941,10792.606987330597
5544,12102.562875574527,10718.316659496117
5545,12023.488706219065,10644.9569042512
5546,12085.215398235643,10820.070395710429
5547,12164.190670351314,10719.546673760547
5548,12146.034291111882,10808.636330525704
5549,12151.386397736538,10452.22357362385
5550,12070.999539041633,10888.40644101016
5551,12043.167104430115,10364.190024611957
5552,12089.799893024065,11053.307819657848
5553,12164.428982740465,10356.75120238914
5554,11973.802110231143,11117.43095093202
5555,12132.855699209636,10751.256395429671
5556,12199.694368711425,10771.122047159257
5557,12059.660721718687,10710.14996366363
5558,12128.865230087695,10733.528296579098
5559,11993.35441084998,10796.185315345196
5560,12082.199010137007,10861.926583362374
5561,12096.815265316705,11278.4534081915
5562,12223.129676203545,10966.911986267698
5563,12159.58212237159,10755.65588465264
5564,12151.633280119793,10671.038274131672
5565,12066.230013522545,10660.024578990502
5566,11962.87278901876,10881.822179259449
5567,11841.578774771078,10966.787602802757
5568,12101.182505314795,10589.85387758287
5569,12200.751995144994,11185.611516900572
5570,12186.132903396137,10648.53868736205
5571,12119.55514639138,10853.402860917557
5572,12105.2276581129,10603.636256517762
5573,12011.60405002414,10807.316483758812
5574,12020.014058930934,10925.913814184109
5575,12090.086933676419,10687.3451767254
5576,11982.08002424799,10800.7299186106
5577,12105.541062884638,10727.3448259932
5578,12077.858902288453,11168.359069633529
5579,12933.366784067484,10584.361426246653
5580,12075.507687054362,10968.302086658308
5581,13078.286121637324,10513.62524075303
5582,12184.372713740244,10477.129059081111
5583,12088.50602543422,10997.422789538625
5584,12199.530040155973,10634.525968677262
5585,12134.694193893256,10843.671006484545
5586,12151.8032370127,10743.84060718184
5587,12136.019685149911,10804.315156817698
5588,12125.821323508306,10500.814895562688
5589,12135.711016897414,10878.283009002327
5590,12082.345769115915,10757.446776208066
5591,12073.316865198227,11105.179179635172
5592,12187.27002831385,10658.953499153497
5593,12221.17881001363,10964.138695678976
5594,12073.55511222389,10910.967067813504
5595,13252.167292165897,10943.191598823638
5596,12113.622551678203,10838.704881476837
5597,12113.401377847653,10787.05234426191
5598,12101.252737320392,10473.421740806574
5599,12161.631578329703,10694.73793099824
5600,12009.358193535369,10755.87240401754
5601,12274.552851041191,10916.99966586322
5602,12901.482080050486,11116.381753371255
5603,12019.788923603668,10943.23305997862
5604,11993.875877624527,11253.05729906696
5605,11970.750990991837,10956.833470511096
5606,11961.261902439186,11224.05176606159
5607,13114.276730188487,10740.668828825805
5608,12137.065369569877,11012.56647639539
5609,12321.509738019602,10845.807407664808
5610,12047.926320256815,11120.260674759464
5611,12189.262644271595,10653.360850026074
5612,12103.11698871465,10887.306568704416
5613,12128.128520931288,11105.904749847336
5614,12382.21413874367,10339.776314520715
5615,12189.241413265336,10742.593317436167
5616,12091.560991434115,10594.046061030936
5617,12028.580696045048,11128.028882824632
5618,11889.2046867787,11035.170867751212
5619,11961.833104641544,11152.018767776066
5620,12206.144346807967,11013.39224439876
5621,11948.472459482484,10927.29585268347
5622,12093.419594324614,10576.563274014
5623,12028.028608072847,10389.043683625494
5624,12085.3262955793,10795.055498871969
5625,12239.068884942333,10637.28774227849
5626,12130.311243309612,11051.462798261198
5627,12086.652456838507,10592.340395182971
5628,12383.918424902708,10329.576870395422
5629,11856.961723050812,11152.46562689086
5630,12100.451485944217,10689.681973488072
5631,12060.60128990504,10951.767147712184
5632,12158.791970651735,10348.20559766808
5633,12117.987071629235,10589.998991625302
5634,12055.965515712298,10299.029212764512
5635,11976.88198516257,10568.4334325415
5636,12050.86760657954,10803.85102222166
5637,12098.227645529412,10741.840106454014
5638,12127.735814749001,11160.74518920079
5639,12181.183564066452,11013.054796665165
5640,12322.372277824943,10470.80047445278
5641,12279.82748520007,10951.81321566216
5642,12193.527919174567,10695.099564405573
5643,12097.127905591375,10978.96566537964
5644,12214.341928215495,10672.507841735993
5645,12052.731213420833,10638.244803939298
5646,12076.901157882687,10464.663071816864
5647,12128.491872061832,10653.879114463336
5648,11931.694649194771,11227.463097757518
5649,12176.235657872245,10806.45616479296
5650,12231.146537886349,11145.660238980248
5651,12180.34096119531,11104.997211232756
5652,12116.275382404237,10636.906529992417
5653,12109.601340910038,10687.620432726522
5654,12193.302838205764,10850.52937253763
5655,12189.162663791034,10903.083689873389
5656,11881.65618379847,10704.180709045137
5657,12371.747447636692,10704.32236799132
5658,12216.148264003892,11115.0930024706
5659,11974.400750662415,10493.010984836288
5660,11953.901753305316,11180.69376324034
5661,12058.02853170475,10914.509693166869
5662,12100.468833868345,10773.86654527924
5663,12081.48688407526,10720.68685552252
5664,12167.558883973405,10251.351187934006
5665,12488.955287137245,11418.719950588047
5666,12474.681865470566,11233.16170316989
5667,12504.861675467613,11643.784920209237
5668,12302.581296295448,11130.669728057164
5669,12404.580000296586,11046.894009322055
5670,12418.936699619819,11181.976755647249
5671,12473.943081437146,11454.389212557846
5672,12226.884313186169,11462.454558900376
5673,12422.07199134404,10896.440691486454
5674,11762.562554834798,10218.287068535506
5675,11868.963500358492,10389.535458991517
5676,11804.911384630714,10355.40601824976
5677,11815.183595222741,10214.213510058637
5678,13254.675185508013,2547.1505083169877
5679,13367.904604734686,2356.6592472301645
5680,12583.176958082695,6215.2137068306965
5681,12475.780898455836,6344.534504312297
5682,11832.9614874418,10312.36588428336
5683,11801.119432258063,10420.025531684953
5684,11830.413804803586,10144.837480788136
5685,11821.504155514687,10365.476472115111
5686,11827.158940066864,10265.878715959803
5687,11852.36021144759,10201.592043463206
5688,11805.215209376514,10045.656639580133
5689,11978.50841208557,10321.649727902828
5690,11948.930674509596,10323.866747995557
5691,11989.564383991004,9924.772035438393
5692,11911.725312164537,10513.374170425644
5693,11896.640731664154,10510.519109225712
5694,11841.116846096189,10221.347132112844
5695,11872.491920495542,10097.66965850364
5696,11899.74655470495,10615.10832776122
5697,11835.595954587197,10621.6522800557
5698,453.99204230236137,0.0
5699,10883.892992029436,8669.055310013848
5700,11869.369803402182,9780.117520806363
5701,12083.059168340347,10390.620359213515
5702,12155.948809266878,10966.435182985417
5703,12058.696581493656,11039.478221074223
5704,11974.326230646173,10639.892884849787
5705,11972.402698853042,10463.792387562264
5706,12001.421607274548,10345.575117724296
5707,12131.845364684144,10474.442145898603
5708,11998.355247499703,10656.240096899748
5709,12112.8762687713,10714.427372819158
5710,11966.10107033878,11087.498300433326
5711,11973.552576370588,10876.120118750823
5712,11971.498017897751,10468.988852319868
5713,12027.181676350683,10495.945513249932
5714,12056.519442726762,10905.478071573534
5715,12005.18980843039,11001.214181821875
5716,12098.64087105531,10772.476444888633
5717,12064.598274838936,10573.085143790602
5718,12091.451720927722,10539.285088891194
5719,12006.010940563512,10330.6030339812
5720,11972.286287679764,10555.199262211352
5721,12228.227666145925,10300.208552283968
5722,11871.550650039138,10806.30529225678
5723,12114.052194257933,10605.840607924243
5724,12180.249457759135,11021.761639211149
5725,12242.273851778822,10899.315331565129
5726,12224.199052663655,10582.721407227407
5727,12155.543737949516,10484.80973804132
5728,12159.36832312152,10543.562498046722
5729,12129.194606394789,11095.407015745928
5730,12077.689599273586,10655.315282803924
5731,12337.461945211955,10771.925932886386
5732,12169.36526513796,10891.59203975119
5733,12143.505224137754,10809.671707701476
5734,12018.221268584137,10880.489663806313
5735,12272.62267830846,10753.95021880468
5736,12092.068051351682,10770.994208598066
5737,12006.200734265703,10826.481902648722
5738,12328.647441553654,10489.630749006596
5739,12153.663381922937,10643.049691122082
5740,11911.689194911673,10630.014764675594
5741,12059.996334157277,10747.428148786435
5742,12023.649118886351,10633.709414263889
5743,12117.563138723914,10578.213658321987
5744,12083.351628547254,9460.77046060804
5745,12005.526968636255,10481.276326277952
5746,12000.800236039713,10613.711317178117
5747,11837.364840891507,10043.09871665756
5748,12075.10446580924,9889.070525903608
5749,12145.181403938477,10722.387914575484
5750,11982.994214869927,10975.960883342274
5751,12117.037118556043,10744.281707802887
5752,12108.427885678579,10941.58613076688
5753,12130.336389637047,10436.437238864884
5754,12955.196871057271,10671.73850697135
5755,12037.173766124351,10605.48012621566
5756,12240.732508292556,10705.249485484645
5757,12333.08346423925,10894.444797553624
5758,12260.20208803589,10974.419910415483
5759,12312.329539613767,10748.80673218955
5760,12196.267224399542,10969.874155451333
5761,12183.602136912794,11262.938874337406
5762,12138.773137918455,11028.185814835684
5763,12182.151180150258,10762.957654724272
5764,12321.955903241847,11185.207270639508
5765,12396.65774774515,11006.009855414664
5766,12295.39231345319,10715.81401811352
5767,12351.799563028551,10661.443471849849
5768,12187.814508996114,11011.271967000986
5769,12290.035209745536,10525.145683343964
5770,12233.798308743626,10899.103418995226
5771,12149.66575727142,10986.915841847222
5772,12383.555562115887,10367.148738699345
5773,12217.738191840295,10583.87080257938
5774,12374.499438380979,10742.198284765098
5775,12389.539809024629,11068.638081712026
5776,12432.500919106595,10985.883919767695
5777,12575.934493686364,11074.033790353287
5778,12440.652247967757,11297.790430195078
5779,12329.719782178287,10893.658187307736
5780,12519.198393700735,10775.71271837464
5781,12397.919735602723,11204.699771974269
5782,12274.020366776957,11002.969370716068
5783,12355.431078635173,10903.691786813108
5784,12215.245635734876,10999.05705006412
5785,12269.440126732006,10887.016340619552
5786,12136.786448814382,11167.147482549088
5787,12255.555508763606,10390.407294944864
5788,12252.510801458982,10039.858988075306
5789,12378.993138268786,10963.80700643913
5790,12173.476547236623,11002.646895066217
5791,12387.384472524343,11153.327097555464
5792,12637.420686922662,13085.089837219426
5793,12565.795526486841,10834.558765978749
5794,12203.353093657006,11367.411771299214
5795,12574.089073147417,11366.302685403476
5796,12451.471365937949,11625.925527701223
5797,12424.275643505258,11321.67896565656
5798,12437.164211409909,11500.085163840518
5799,12324.640872914906,11226.056873584415
5800,12321.573149408981,11682.67202848505
5801,12413.74421223962,11318.128278411948
5802,12515.128456499704,11339.895384776908
5803,12605.227678935136,10881.212930620975
5804,12383.23253824508,11274.26467983968
5805,12327.576246240262,10942.77583557508
5806,12217.801392126554,11200.44309339623
5807,12278.98773042489,10840.617853099702
5808,12157.997557679817,10925.670805747972
5809,12294.944760884096,11142.564472741678
5810,12409.455891216325,11140.120567995304
5811,12355.911484868602,11400.139594662867
5812,12498.297277969566,11193.020394955904
